,player_name,result_type,result_contest,result_zone,0 pts,2 pts,3 pts
0,Stephen Curry,Off-Movement,Open,Left Corner 3,0.5861275354160236,0.12322641843450306,0.2906460461494734
1,Stephen Curry,Off-Movement,Open,Rim,0.3914082842787142,0.4781005312405223,0.13049118448076338
2,Stephen Curry,Off-Movement,Open,Right Above Break 3,0.638844783090607,0.12165956415474447,0.23949565275464849
3,Stephen Curry,Off-Movement,Open,Mid-Left Short Paint,0.5488120906516236,0.2500373750536207,0.2011505342947557
4,Stephen Curry,Off-Movement,Open,Mid-Right Above Break 3,0.6177833556102905,0.1082098307355791,0.2740068136541304
5,Stephen Curry,Off-Movement,Open,Mid-Left Above Break 3,0.5916952720783264,0.09716630052830506,0.31113842739336844
6,Stephen Curry,Off-Movement,Open,Right Midrange,0.46946176638174675,0.34680263001345024,0.1837356036048031
7,Stephen Curry,Off-Movement,Open,Left Midrange,0.5432444537269401,0.26564402833849865,0.1911115179345613
8,Stephen Curry,Off-Movement,Open,Left Above Break 3,0.5584485999354648,0.12623439772675393,0.3153170023377813
9,Stephen Curry,Off-Movement,Open,Mid-Left Midrange,0.39200665794215717,0.43694271828094317,0.17105062377689975
10,Stephen Curry,Off-Movement,Open,Right Corner 3,0.572016052848482,0.13386874071016155,0.29411520644135625
11,Stephen Curry,Off-Movement,Open,Right Short Mid,0.46329806593885425,0.35897754478007615,0.1777243892810696
12,Stephen Curry,Off-Movement,Open,Left Short Mid,0.4422045343361692,0.3649001939559396,0.19289527170789128
13,Stephen Curry,Off-Movement,Open,Mid-Right Midrange,0.5046783582713099,0.3195032755925332,0.17581836613615692
14,Stephen Curry,Off-Movement,Average,Left Corner 3,0.6283944312492865,0.0678526039821873,0.30375296476852603
15,Stephen Curry,Off-Movement,Average,Rim,0.499441721961392,0.3416297003438272,0.15892857769478066
16,Stephen Curry,Off-Movement,Average,Right Above Break 3,0.6842516479077982,0.06667334088053227,0.24907501121166947
17,Stephen Curry,Off-Movement,Average,Mid-Left Short Paint,0.6268573978272419,0.14988535612917606,0.22325724604358213
18,Stephen Curry,Off-Movement,Average,Mid-Right Above Break 3,0.657146967381943,0.05908906769020835,0.2837639649278488
19,Stephen Curry,Off-Movement,Average,Mid-Left Above Break 3,0.6260314498808143,0.05275657095171926,0.32121197916746647
20,Stephen Curry,Off-Movement,Average,Right Midrange,0.5553765914583911,0.2331544679377376,0.21146894060387128
21,Stephen Curry,Off-Movement,Average,Left Midrange,0.6239301128552923,0.16260793600235407,0.2134619511423536
22,Stephen Curry,Off-Movement,Average,Left Above Break 3,0.5999202432828377,0.06948672898398427,0.33059302773317817
23,Stephen Curry,Off-Movement,Average,Mid-Left Midrange,0.4749020072867035,0.3228974079421081,0.20220058477118838
24,Stephen Curry,Off-Movement,Average,Right Corner 3,0.6170544697214051,0.07376204192151307,0.3091834883570819
25,Stephen Curry,Off-Movement,Average,Right Short Mid,0.5530877076554048,0.24064363401153485,0.20626865833306032
26,Stephen Curry,Off-Movement,Average,Left Short Mid,0.5256625181388725,0.2511679586838536,0.22316952317727382
27,Stephen Curry,Off-Movement,Average,Mid-Right Midrange,0.5921811447018497,0.20711930726711292,0.20069954803103746
28,Stephen Curry,Off-Movement,Plus,Left Corner 3,0.6473448859632941,0.07367688918990191,0.27897822484680396
29,Stephen Curry,Off-Movement,Plus,Rim,0.5000663029130641,0.35427355961650053,0.14566013747043544
30,Stephen Curry,Off-Movement,Plus,Right Above Break 3,0.6997144367676384,0.07139456371113338,0.2288909995212281
31,Stephen Curry,Off-Movement,Plus,Mid-Left Short Paint,0.6384211244631814,0.15749357323651134,0.20408530230030725
32,Stephen Curry,Off-Movement,Plus,Mid-Right Above Break 3,0.6754881459430345,0.06391686317911222,0.2605949908778532
33,Stephen Curry,Off-Movement,Plus,Mid-Left Above Break 3,0.6468915565294171,0.057614850515588366,0.29549359295499433
34,Stephen Curry,Off-Movement,Plus,Right Midrange,0.5651319073114539,0.2432174030026062,0.19165068968593993
35,Stephen Curry,Off-Movement,Plus,Left Midrange,0.6347349388211811,0.17020819286508213,0.19505686831373684
36,Stephen Curry,Off-Movement,Plus,Left Above Break 3,0.620052816505189,0.07584227464536072,0.3041049088494504
37,Stephen Curry,Off-Movement,Plus,Mid-Left Midrange,0.48241395799476494,0.33605520115412474,0.18153084085111035
38,Stephen Curry,Off-Movement,Plus,Right Corner 3,0.6361331141429639,0.07994608111844274,0.2839208047385934
39,Stephen Curry,Off-Movement,Plus,Right Short Mid,0.5616696429895521,0.25124914744580484,0.18708120956464297
40,Stephen Curry,Off-Movement,Plus,Left Short Mid,0.5360782624038246,0.26227254413431034,0.201649193461865
41,Stephen Curry,Off-Movement,Plus,Mid-Right Midrange,0.6011987658132132,0.21602384997717974,0.18277738420960707
42,Stephen Curry,Off-Movement,Poor,Left Corner 3,0.5514054383378332,0.16588515295049425,0.28270940871167255
43,Stephen Curry,Off-Movement,Poor,Rim,0.34793778732502667,0.5341369611255247,0.11792525154944859
44,Stephen Curry,Off-Movement,Poor,Right Above Break 3,0.6026187616196271,0.1653658751663521,0.2320153632140208
45,Stephen Curry,Off-Movement,Poor,Mid-Left Short Paint,0.4992309962259057,0.31288857082821636,0.1878804329458779
46,Stephen Curry,Off-Movement,Poor,Mid-Right Above Break 3,0.5853977299706173,0.14685533162403067,0.267746938405352
47,Stephen Curry,Off-Movement,Poor,Mid-Left Above Break 3,0.5620881996380384,0.1322386900352897,0.30567311032667205
48,Stephen Curry,Off-Movement,Poor,Right Midrange,0.42751005702324185,0.4000181517184978,0.17247179125826032
49,Stephen Curry,Off-Movement,Poor,Left Midrange,0.49465368131434284,0.3270021966530511,0.1783441220326062
50,Stephen Curry,Off-Movement,Poor,Left Above Break 3,0.5234179978060288,0.17004501260271643,0.30653698959125475
51,Stephen Curry,Off-Movement,Poor,Mid-Left Midrange,0.359253547094556,0.47908018452544576,0.16166626837999837
52,Stephen Curry,Off-Movement,Poor,Right Corner 3,0.5344527022291929,0.1807373695083457,0.2848099282624613
53,Stephen Curry,Off-Movement,Poor,Right Short Mid,0.4198555636883194,0.4143793627215581,0.16576507359012246
54,Stephen Curry,Off-Movement,Poor,Left Short Mid,0.4031165480983029,0.415043255955618,0.1818401959460791
55,Stephen Curry,Off-Movement,Poor,Mid-Right Midrange,0.4589127721890856,0.3771525698020484,0.16393465800886592
56,Stephen Curry,Dunk,Open,Left Corner 3,0.4628604813658234,0.3135128150721267,0.22362670356204983
57,Stephen Curry,Dunk,Open,Rim,0.24684929401142724,0.6674716501443292,0.08567905584424362
58,Stephen Curry,Dunk,Open,Right Above Break 3,0.5057522400163417,0.309870868013922,0.18437689196973645
59,Stephen Curry,Dunk,Open,Mid-Left Short Paint,0.39260585468347164,0.4677218122594996,0.13967233305702875
60,Stephen Curry,Dunk,Open,Mid-Right Above Break 3,0.4996431414814566,0.28465535117225615,0.2157015073462873
61,Stephen Curry,Dunk,Open,Mid-Left Above Break 3,0.48724447919705716,0.2631385273157349,0.24961699348720795
62,Stephen Curry,Dunk,Open,Right Midrange,0.33097408843102194,0.5430020745801155,0.12602383698886266
63,Stephen Curry,Dunk,Open,Left Midrange,0.3895063224278602,0.477416558992788,0.13307711857935184
64,Stephen Curry,Dunk,Open,Left Above Break 3,0.4383684556778567,0.31995005104348434,0.24168149327865898
65,Stephen Curry,Dunk,Open,Mid-Left Midrange,0.27275006114752826,0.6122612409587508,0.1149886978937209
66,Stephen Curry,Dunk,Open,Right Corner 3,0.4441772994243318,0.3329275400382232,0.22289516053744496
67,Stephen Curry,Dunk,Open,Right Short Mid,0.3201960017182178,0.5598380558338449,0.11996594244793732
68,Stephen Curry,Dunk,Open,Left Short Mid,0.3122960865281369,0.5561860546247221,0.13151785884714093
69,Stephen Curry,Dunk,Open,Mid-Right Midrange,0.3552915361739885,0.5237082252789587,0.12100023854705273
70,Stephen Curry,Dunk,Average,Left Corner 3,0.5474435074637809,0.1956583437625888,0.2568981487736304
71,Stephen Curry,Dunk,Average,Rim,0.32965114410764046,0.565798753466512,0.10455010242584768
72,Stephen Curry,Dunk,Average,Right Above Break 3,0.5956647241500643,0.19372484067691978,0.21061043517301573
73,Stephen Curry,Dunk,Average,Mid-Left Short Paint,0.48583742511193373,0.346905933367722,0.16725664152034422
74,Stephen Curry,Dunk,Average,Mid-Right Above Break 3,0.582263759781015,0.17373668961236066,0.24399955060662445
75,Stephen Curry,Dunk,Average,Mid-Left Above Break 3,0.5623548225309737,0.15780775637971958,0.2798374210893068
76,Stephen Curry,Dunk,Average,Right Midrange,0.41524836110437696,0.43194661603784434,0.15280502285777867
77,Stephen Curry,Dunk,Average,Left Midrange,0.48135714389803075,0.3598590819427335,0.15878377415923572
78,Stephen Curry,Dunk,Average,Left Above Break 3,0.5203496292816037,0.20088396744179784,0.2787664032765985
79,Stephen Curry,Dunk,Average,Mid-Left Midrange,0.34764934326456787,0.5099570066026418,0.14239365013279046
80,Stephen Curry,Dunk,Average,Right Corner 3,0.5296655283073315,0.2121506910389705,0.25818378065369807
81,Stephen Curry,Dunk,Average,Right Short Mid,0.40610361653949256,0.447330688641477,0.1465656948190303
82,Stephen Curry,Dunk,Average,Left Short Mid,0.39214096591814945,0.4470502586843983,0.16080877539745234
83,Stephen Curry,Dunk,Average,Mid-Right Midrange,0.44499368409647105,0.4094487073589958,0.14555760854453303
84,Stephen Curry,Dunk,Plus,Left Corner 3,0.5587305587853547,0.20740790259431757,0.23386153862032763
85,Stephen Curry,Dunk,Plus,Rim,0.32556970492511683,0.5786297666594866,0.09580052841539673
86,Stephen Curry,Dunk,Plus,Right Above Break 3,0.6042427456006149,0.20339384896783624,0.1923634054315489
87,Stephen Curry,Dunk,Plus,Mid-Left Short Paint,0.48943713087804286,0.3596524189695499,0.15091045015240728
88,Stephen Curry,Dunk,Plus,Mid-Right Above Break 3,0.5936157832346312,0.18381884435185095,0.22256537241351784
89,Stephen Curry,Dunk,Plus,Mid-Left Above Break 3,0.5764052199657815,0.16819754145922183,0.25539723857499663
90,Stephen Curry,Dunk,Plus,Right Midrange,0.41678877183703555,0.4464591465248538,0.13675208163811062
91,Stephen Curry,Dunk,Plus,Left Midrange,0.4843902125531578,0.3723974033954474,0.14321238405139486
92,Stephen Curry,Dunk,Plus,Left Above Break 3,0.5326492840155284,0.21366888619170812,0.2536818297927634
93,Stephen Curry,Dunk,Plus,Mid-Left Midrange,0.34723921794060647,0.5259440026094928,0.12681677944990086
94,Stephen Curry,Dunk,Plus,Right Corner 3,0.5408889525254831,0.22448744752216157,0.23462359995235532
95,Stephen Curry,Dunk,Plus,Right Short Mid,0.40664061474955027,0.46197885289884527,0.1313805323516046
96,Stephen Curry,Dunk,Plus,Left Short Mid,0.3939971955556816,0.4626220597761216,0.14338074466819692
97,Stephen Curry,Dunk,Plus,Mid-Right Midrange,0.4462171231962319,0.4228104298926447,0.13097244691112336
98,Stephen Curry,Dunk,Poor,Left Corner 3,0.4134993465118925,0.37941744537213185,0.2070832081159757
99,Stephen Curry,Dunk,Poor,Rim,0.22474776235372967,0.6949389366329898,0.08031330101328056
100,Stephen Curry,Dunk,Poor,Right Above Break 3,0.4551186786332715,0.37489605003251175,0.16998527133421676
101,Stephen Curry,Dunk,Poor,Mid-Left Short Paint,0.35738811478807103,0.5119995196876145,0.1306123655243145
102,Stephen Curry,Dunk,Poor,Mid-Right Above Break 3,0.44916862109392586,0.35062819529831224,0.20020318360776196
103,Stephen Curry,Dunk,Poor,Mid-Left Above Break 3,0.4380708618615741,0.3284773090243884,0.23345182911403758
104,Stephen Curry,Dunk,Poor,Right Midrange,0.3040110110884117,0.5769783309559064,0.11901065795568189
105,Stephen Curry,Dunk,Poor,Left Midrange,0.35598233132710194,0.5190138555216245,0.12500381315127365
106,Stephen Curry,Dunk,Poor,Left Above Break 3,0.39058414131613,0.3850872648366382,0.22432859384723175
107,Stephen Curry,Dunk,Poor,Mid-Left Midrange,0.25187106147263777,0.6395001854016336,0.1086287531257285
108,Stephen Curry,Dunk,Poor,Right Corner 3,0.3967665817235518,0.3965487806120461,0.20668463766440218
109,Stephen Curry,Dunk,Poor,Right Short Mid,0.29324572657043735,0.5938767507096807,0.11287752271988194
110,Stephen Curry,Dunk,Poor,Left Short Mid,0.28741041658630573,0.5883949026160268,0.12419468079766756
111,Stephen Curry,Dunk,Poor,Mid-Right Midrange,0.32542580837060403,0.5605494136050513,0.11402477802434467
112,Stephen Curry,Catch & Shoot,Open,Left Corner 3,0.6395209954254933,0.059732785699180765,0.3007462188753259
113,Stephen Curry,Catch & Shoot,Open,Rim,0.5285568473187439,0.30330098854894244,0.1681421641323137
114,Stephen Curry,Catch & Shoot,Open,Right Above Break 3,0.6949189478083291,0.05788175578852996,0.24719929640314092
115,Stephen Curry,Catch & Shoot,Open,Mid-Left Short Paint,0.6496440413517511,0.12395971241893615,0.22639624622931262
116,Stephen Curry,Catch & Shoot,Open,Mid-Right Above Break 3,0.6673295367691605,0.05196537861573793,0.28070508461510163
117,Stephen Curry,Catch & Shoot,Open,Mid-Left Above Break 3,0.6360908863704651,0.046621007460782,0.317288106168753
118,Stephen Curry,Catch & Shoot,Open,Right Midrange,0.5849100955629377,0.1980852407853299,0.21700466365173243
119,Stephen Curry,Catch & Shoot,Open,Left Midrange,0.6485599455124988,0.1339170648507991,0.217522989636702
120,Stephen Curry,Catch & Shoot,Open,Left Above Break 3,0.6115538670338397,0.06104054335456801,0.32740558961159216
121,Stephen Curry,Catch & Shoot,Open,Mid-Left Midrange,0.5019972729381997,0.2911479473103942,0.20685477975140615
122,Stephen Curry,Catch & Shoot,Open,Right Corner 3,0.6293834802868845,0.06409290227272446,0.30652361744039086
123,Stephen Curry,Catch & Shoot,Open,Right Short Mid,0.5824352639405198,0.20548777307077365,0.2120769629887064
124,Stephen Curry,Catch & Shoot,Open,Left Short Mid,0.5555754575121499,0.2159806284452268,0.22844391404262324
125,Stephen Curry,Catch & Shoot,Open,Mid-Right Midrange,0.6202370336575495,0.1735743830555355,0.2061885832869148
126,Stephen Curry,Catch & Shoot,Average,Left Corner 3,0.6631830223902986,0.032486436508978624,0.3043305411007227
127,Stephen Curry,Catch & Shoot,Average,Rim,0.6234318677938187,0.18663286944081933,0.189935262765362
128,Stephen Curry,Catch & Shoot,Average,Right Above Break 3,0.7198856396282951,0.03131515022250969,0.2487992101491951
129,Stephen Curry,Catch & Shoot,Average,Mid-Left Short Paint,0.6967561631034703,0.06755245512898797,0.2356913817675418
130,Stephen Curry,Catch & Shoot,Average,Mid-Right Above Break 3,0.6893240474514286,0.028145276815378602,0.2825306757331928
131,Stephen Curry,Catch & Shoot,Average,Mid-Left Above Break 3,0.6554753850636069,0.0251970605823675,0.3193275543540256
132,Stephen Curry,Catch & Shoot,Average,Right Midrange,0.6515167144185642,0.11356224054880806,0.23492104503262765
133,Stephen Curry,Catch & Shoot,Average,Left Midrange,0.6992366874884046,0.07314923707296161,0.22761407543863363
134,Stephen Curry,Catch & Shoot,Average,Left Above Break 3,0.6347061930374343,0.033165080424830407,0.3321287265377353
135,Stephen Curry,Catch & Shoot,Average,Mid-Left Midrange,0.5827234257163317,0.18385375526949183,0.23342281901417644
136,Stephen Curry,Catch & Shoot,Average,Right Corner 3,0.6542395632837652,0.034740578537661174,0.3110198581785736
137,Stephen Curry,Catch & Shoot,Average,Right Short Mid,0.6514125408560205,0.11820260505910687,0.2303848540848726
138,Stephen Curry,Catch & Shoot,Average,Left Short Mid,0.6244620479317265,0.12605032745555772,0.24948762461271579
139,Stephen Curry,Catch & Shoot,Average,Mid-Right Midrange,0.6822874130791008,0.09743446730548741,0.22027811961541172
140,Stephen Curry,Catch & Shoot,Plus,Left Corner 3,0.6843514552747872,0.035690684972268336,0.2799578597529445
141,Stephen Curry,Catch & Shoot,Plus,Rim,0.628356185802892,0.19585611673962183,0.1757876974574861
142,Stephen Curry,Catch & Shoot,Plus,Right Above Break 3,0.7370939692185804,0.03387656061163047,0.22902947016978908
143,Stephen Curry,Catch & Shoot,Plus,Mid-Left Short Paint,0.7113508538892128,0.07189480606424839,0.21675434004653882
144,Stephen Curry,Catch & Shoot,Plus,Mid-Right Above Break 3,0.709439519379399,0.030763778756049843,0.2597967018645513
145,Stephen Curry,Catch & Shoot,Plus,Mid-Left Above Break 3,0.6781227533603885,0.02782748148755219,0.29404976515205916
146,Stephen Curry,Catch & Shoot,Plus,Right Midrange,0.6651615465599394,0.11972440262721433,0.21511405081284632
147,Stephen Curry,Catch & Shoot,Plus,Left Midrange,0.7130544578314812,0.0774989966138237,0.209446545554695
148,Stephen Curry,Catch & Shoot,Plus,Left Above Break 3,0.657265791736862,0.0366784376642593,0.3060557705988788
149,Stephen Curry,Catch & Shoot,Plus,Mid-Left Midrange,0.5949758544664456,0.19277700631810069,0.21224713921545382
150,Stephen Curry,Catch & Shoot,Plus,Right Corner 3,0.6756864977669195,0.03815100410112141,0.28616249813195904
151,Stephen Curry,Catch & Shoot,Plus,Right Short Mid,0.6641001362706881,0.12481397427206917,0.21108588945724277
152,Stephen Curry,Catch & Shoot,Plus,Left Short Mid,0.6390941565830289,0.13298259563688167,0.22792324778008935
153,Stephen Curry,Catch & Shoot,Plus,Mid-Right Midrange,0.6948086833797593,0.10275391240838425,0.2024374042118565
154,Stephen Curry,Catch & Shoot,Poor,Left Corner 3,0.6209851758627247,0.07842738043823858,0.30058744369903667
155,Stephen Curry,Catch & Shoot,Poor,Rim,0.4741133319118007,0.37373203629448515,0.15215463179371413
156,Stephen Curry,Catch & Shoot,Poor,Right Above Break 3,0.6760883699169895,0.07706422579512842,0.24684740428788204
157,Stephen Curry,Catch & Shoot,Poor,Mid-Left Short Paint,0.6113086413652945,0.17034744017194453,0.218343918462761
158,Stephen Curry,Catch & Shoot,Poor,Mid-Right Above Break 3,0.6502937952757566,0.06838257872715166,0.2813236259970918
159,Stephen Curry,Catch & Shoot,Poor,Mid-Left Above Break 3,0.6202721012557153,0.06115586464469438,0.31857203409959023
160,Stephen Curry,Catch & Shoot,Poor,Right Midrange,0.536772645640337,0.25847739131661407,0.204749963043049
161,Stephen Curry,Catch & Shoot,Poor,Left Midrange,0.6075560120793322,0.18400537687134894,0.20843861104931874
162,Stephen Curry,Catch & Shoot,Poor,Left Above Break 3,0.5927201274969753,0.08035301169180654,0.32692686081121813
163,Stephen Curry,Catch & Shoot,Poor,Mid-Left Midrange,0.45593541459578396,0.34983348940023873,0.1942310960039773
164,Stephen Curry,Catch & Shoot,Poor,Right Corner 3,0.6091316982297874,0.0852512274510107,0.3056170743192019
165,Stephen Curry,Catch & Shoot,Poor,Right Short Mid,0.53355584026775,0.26702215762392656,0.19942200210832337
166,Stephen Curry,Catch & Shoot,Poor,Left Short Mid,0.5073738988542458,0.2769305783692922,0.21569552277646187
167,Stephen Curry,Catch & Shoot,Poor,Mid-Right Midrange,0.5736125783047759,0.23150545535783232,0.19488196633739183
168,Stephen Curry,1-2D Pull-Up,Open,Left Corner 3,0.5983147684748753,0.1311370555154695,0.2705481760096552
169,Stephen Curry,1-2D Pull-Up,Open,Rim,0.3880558622707584,0.49002587564338124,0.12191826208586036
170,Stephen Curry,1-2D Pull-Up,Open,Right Above Break 3,0.6485890097648919,0.12790300062089854,0.2235079896142096
171,Stephen Curry,1-2D Pull-Up,Open,Mid-Left Short Paint,0.5559384918970715,0.25694799997602047,0.18711350812690813
172,Stephen Curry,1-2D Pull-Up,Open,Mid-Right Above Break 3,0.6296886099068493,0.1150067144445939,0.25530467564855697
173,Stephen Curry,1-2D Pull-Up,Open,Mid-Left Above Break 3,0.6057807697426807,0.10410860212372267,0.29011062813359667
174,Stephen Curry,1-2D Pull-Up,Open,Right Midrange,0.47342833996810957,0.35748068976969466,0.16909097026219574
175,Stephen Curry,1-2D Pull-Up,Open,Left Midrange,0.5497561232167958,0.2724567002237356,0.17778717655946868
176,Stephen Curry,1-2D Pull-Up,Open,Left Above Break 3,0.5717411208410481,0.1346219240757456,0.2936369550832062
177,Stephen Curry,1-2D Pull-Up,Open,Mid-Left Midrange,0.3920512087907805,0.4526009289074658,0.15534786230175388
178,Stephen Curry,1-2D Pull-Up,Open,Right Corner 3,0.5846073308845137,0.14166676488671662,0.27372590422876975
179,Stephen Curry,1-2D Pull-Up,Open,Right Short Mid,0.46621981460815975,0.3700734125338193,0.163706772858021
180,Stephen Curry,1-2D Pull-Up,Open,Left Short Mid,0.44620661146140883,0.37713243599336316,0.176660952545228
181,Stephen Curry,1-2D Pull-Up,Open,Mid-Right Midrange,0.5087486698972011,0.32835186512378417,0.1628994649790147
182,Stephen Curry,1-2D Pull-Up,Average,Left Corner 3,0.6434226181501095,0.0732125636568623,0.28336481819302817
183,Stephen Curry,1-2D Pull-Up,Average,Rim,0.5002033230242345,0.3509740711905214,0.14882260578524406
184,Stephen Curry,1-2D Pull-Up,Average,Right Above Break 3,0.6965351112509076,0.07093650974956302,0.23252837899952933
185,Stephen Curry,1-2D Pull-Up,Average,Mid-Left Short Paint,0.6378215080348635,0.15388405081787598,0.20829444114726053
186,Stephen Curry,1-2D Pull-Up,Average,Mid-Right Above Break 3,0.6716416631389648,0.06362334334851247,0.2647349935125227
187,Stephen Curry,1-2D Pull-Up,Average,Mid-Left Above Break 3,0.6425835058827902,0.0572959554948847,0.30012053862232524
188,Stephen Curry,1-2D Pull-Up,Average,Right Midrange,0.5652846519671838,0.23851220195455025,0.19620314607826592
189,Stephen Curry,1-2D Pull-Up,Average,Left Midrange,0.6346141025134147,0.16608365143437093,0.1993022460522143
190,Stephen Curry,1-2D Pull-Up,Average,Left Above Break 3,0.6160371818683166,0.07516463624012484,0.30879818189155855
191,Stephen Curry,1-2D Pull-Up,Average,Mid-Left Midrange,0.4813869192458061,0.33306665308977074,0.18554642766442309
192,Stephen Curry,1-2D Pull-Up,Average,Right Corner 3,0.6324400352343368,0.07908792577640353,0.28847203898925977
193,Stephen Curry,1-2D Pull-Up,Average,Right Short Mid,0.5617899690111013,0.24678800560709915,0.1914220253817996
194,Stephen Curry,1-2D Pull-Up,Average,Left Short Mid,0.5360152483310066,0.25760756434816656,0.20637718732082702
195,Stephen Curry,1-2D Pull-Up,Average,Mid-Right Midrange,0.6014746183500286,0.21148894645395835,0.1870364351960131
196,Stephen Curry,1-2D Pull-Up,Plus,Left Corner 3,0.6605315195186883,0.07934606096678136,0.2601224195145303
197,Stephen Curry,1-2D Pull-Up,Plus,Rim,0.49931420152342143,0.36336151915910114,0.13732427931747732
198,Stephen Curry,1-2D Pull-Up,Plus,Right Above Break 3,0.7100544609372554,0.07586486783952881,0.21408067122321564
199,Stephen Curry,1-2D Pull-Up,Plus,Mid-Left Short Paint,0.6473597141327084,0.16168684464892286,0.1909534412183687
200,Stephen Curry,1-2D Pull-Up,Plus,Mid-Right Above Break 3,0.6880989996500573,0.0687012060087528,0.24319979434118988
201,Stephen Curry,1-2D Pull-Up,Plus,Mid-Left Above Break 3,0.6617738753357107,0.06245685472581612,0.27576926993847306
202,Stephen Curry,1-2D Pull-Up,Plus,Right Midrange,0.5729600310194845,0.24873907020596042,0.17830089877455518
203,Stephen Curry,1-2D Pull-Up,Plus,Left Midrange,0.6434158893436157,0.17386835808843398,0.18271575256795022
204,Stephen Curry,1-2D Pull-Up,Plus,Left Above Break 3,0.6344889842501521,0.08189663244385016,0.28361438330599775
205,Stephen Curry,1-2D Pull-Up,Plus,Mid-Left Midrange,0.4868359340543577,0.34624372130688047,0.16692034463876185
206,Stephen Curry,1-2D Pull-Up,Plus,Right Corner 3,0.6496996755396683,0.08559968250982185,0.2647006419505098
207,Stephen Curry,1-2D Pull-Up,Plus,Right Short Mid,0.568317626021042,0.25751392018359204,0.17416845379536589
208,Stephen Curry,1-2D Pull-Up,Plus,Left Short Mid,0.5443109243282981,0.26888744618147,0.1868016294902319
209,Stephen Curry,1-2D Pull-Up,Plus,Mid-Right Midrange,0.6084876322263001,0.220550362060626,0.17096200571307385
210,Stephen Curry,1-2D Pull-Up,Poor,Left Corner 3,0.5638701987263638,0.17339997563123827,0.2627298256423979
211,Stephen Curry,1-2D Pull-Up,Poor,Rim,0.34290372162968585,0.5480397381508013,0.10905654021951294
212,Stephen Curry,1-2D Pull-Up,Poor,Right Above Break 3,0.6127568602562892,0.17106970557070644,0.21617343417300444
213,Stephen Curry,1-2D Pull-Up,Poor,Mid-Left Short Paint,0.5046992600717013,0.3218444308929785,0.17345630903532006
214,Stephen Curry,1-2D Pull-Up,Poor,Mid-Right Above Break 3,0.5976652872177,0.15319663430030064,0.2491380784819995
215,Stephen Curry,1-2D Pull-Up,Poor,Mid-Left Above Break 3,0.576499302948237,0.1388026032375392,0.28469809381422384
216,Stephen Curry,1-2D Pull-Up,Poor,Right Midrange,0.42887905313495944,0.4139209409768855,0.15720000588815514
217,Stephen Curry,1-2D Pull-Up,Poor,Left Midrange,0.4991614277184574,0.33633097597938477,0.164507596302158
218,Stephen Curry,1-2D Pull-Up,Poor,Left Above Break 3,0.5369503115749383,0.17808344411477237,0.28496624431028933
219,Stephen Curry,1-2D Pull-Up,Poor,Mid-Left Midrange,0.3572511875811816,0.4970530380133261,0.14569577440549245
220,Stephen Curry,1-2D Pull-Up,Poor,Right Corner 3,0.5472803720729846,0.18818051177675382,0.26453911615026154
221,Stephen Curry,1-2D Pull-Up,Poor,Right Short Mid,0.42026728049383,0.42853993490061776,0.15119278460555224
222,Stephen Curry,1-2D Pull-Up,Poor,Left Short Mid,0.4045168994773672,0.4304758846334155,0.16500721588921735
223,Stephen Curry,1-2D Pull-Up,Poor,Mid-Right Midrange,0.46051741312948913,0.38907466952754904,0.15040791734296163
224,Stephen Curry,Floater,Open,Left Corner 3,0.6677310556507053,0.14689520365753211,0.18537374069176257
225,Stephen Curry,Floater,Open,Rim,0.4087191156363653,0.5005645106957103,0.0907163736679244
226,Stephen Curry,Floater,Open,Right Above Break 3,0.7048761539665166,0.1379251146236497,0.15719873140983384
227,Stephen Curry,Floater,Open,Mid-Left Short Paint,0.5987728651020678,0.2724998849567698,0.1287272499411623
228,Stephen Curry,Floater,Open,Mid-Right Above Break 3,0.6967082252812599,0.12698976083705088,0.17630201388168917
229,Stephen Curry,Floater,Open,Mid-Left Above Break 3,0.6835882932614721,0.11837318146986704,0.198038525268661
230,Stephen Curry,Floater,Open,Right Midrange,0.5129217284936154,0.37388493584436977,0.11319333566201473
231,Stephen Curry,Floater,Open,Left Midrange,0.5906648822562156,0.28704848863900584,0.12228662910477846
232,Stephen Curry,Floater,Open,Left Above Break 3,0.6462486596038525,0.15391809437317766,0.1998332460229699
233,Stephen Curry,Floater,Open,Mid-Left Midrange,0.42736023553470986,0.46986554163892863,0.10277422282636155
234,Stephen Curry,Floater,Open,Right Corner 3,0.654141739672432,0.15932735162038095,0.18653090870718722
235,Stephen Curry,Floater,Open,Right Short Mid,0.5026504015997847,0.3864849321842228,0.11086466621599253
236,Stephen Curry,Floater,Open,Left Short Mid,0.48755558399944776,0.3960781198691194,0.11636629613143287
237,Stephen Curry,Floater,Open,Mid-Right Midrange,0.5458940023008196,0.3425245429595565,0.11158145473962396
238,Stephen Curry,Floater,Average,Left Corner 3,0.7241592038328528,0.08273566412536298,0.19310513204178428
239,Stephen Curry,Floater,Average,Rim,0.5284086640546111,0.36337596860336174,0.10821536734202726
240,Stephen Curry,Floater,Average,Right Above Break 3,0.7608386128324518,0.07675500294177216,0.16240638422577586
241,Stephen Curry,Floater,Average,Mid-Left Short Paint,0.6906070197644086,0.1657332879674137,0.14365969226817757
242,Stephen Curry,Floater,Average,Mid-Right Above Break 3,0.7477927265418255,0.07063752738958755,0.18156974606858706
243,Stephen Curry,Floater,Average,Mid-Left Above Break 3,0.730461103610725,0.06568199213485393,0.20385690425442107
244,Stephen Curry,Floater,Average,Right Midrange,0.6146354666366927,0.2542331696126379,0.13113136375066944
245,Stephen Curry,Floater,Average,Left Midrange,0.684514024968582,0.17793835745129752,0.13754761758012052
246,Stephen Curry,Floater,Average,Left Above Break 3,0.7034530767839547,0.08699440497653585,0.20955251823950935
247,Stephen Curry,Floater,Average,Mid-Left Midrange,0.5281069374292057,0.35108341484653816,0.12080964772425631
248,Stephen Curry,Floater,Average,Right Corner 3,0.7141526874006641,0.08989688188401278,0.19595043071532303
249,Stephen Curry,Floater,Average,Right Short Mid,0.6082980558070663,0.2625806536207471,0.12912129057218663
250,Stephen Curry,Floater,Average,Left Short Mid,0.5886022798243634,0.27578255394741796,0.1356151662282186
251,Stephen Curry,Floater,Average,Mid-Right Midrange,0.6472493831549794,0.22465177646121007,0.1280988403838107
252,Stephen Curry,Floater,Plus,Left Corner 3,0.7329317417688618,0.08768776380769694,0.17938049442344134
253,Stephen Curry,Floater,Plus,Rim,0.5238982954325063,0.3733349933047708,0.10276671126272285
254,Stephen Curry,Floater,Plus,Right Above Break 3,0.7666047120058359,0.08070228061523463,0.15269300737892957
255,Stephen Curry,Floater,Plus,Mid-Left Short Paint,0.6932939768358268,0.1720090538980963,0.13469696926607683
256,Stephen Curry,Floater,Plus,Mid-Right Above Break 3,0.7558892500552932,0.07471529265668922,0.16939545728801755
257,Stephen Curry,Floater,Plus,Mid-Left Above Break 3,0.7411698953568573,0.06989702748545193,0.18893307715769075
258,Stephen Curry,Floater,Plus,Right Midrange,0.6158696623824661,0.26238071924629025,0.12174961837124369
259,Stephen Curry,Floater,Plus,Left Midrange,0.6866936365022497,0.18422217441787495,0.1290841890798752
260,Stephen Curry,Floater,Plus,Left Above Break 3,0.7137190700244498,0.09251258903361977,0.19376834094193024
261,Stephen Curry,Floater,Plus,Mid-Left Midrange,0.5277175319091671,0.3613679626090374,0.11091450548179535
262,Stephen Curry,Floater,Plus,Right Corner 3,0.7231176657984049,0.09517485554309721,0.18170747865849782
263,Stephen Curry,Floater,Plus,Right Short Mid,0.6087078916999754,0.2711060768965837,0.12018603140344082
264,Stephen Curry,Floater,Plus,Left Short Mid,0.5902549607867884,0.284708625913258,0.12503641329995344
265,Stephen Curry,Floater,Plus,Mid-Right Midrange,0.6481097986083901,0.23194025977837077,0.11994994161323917
266,Stephen Curry,Floater,Poor,Left Corner 3,0.6290188407816363,0.19382624156496195,0.17715491765340166
267,Stephen Curry,Floater,Poor,Rim,0.36304832006445353,0.5563185758953815,0.08063310404016506
268,Stephen Curry,Floater,Poor,Right Above Break 3,0.6660437020201309,0.18485029790044355,0.14910600007942548
269,Stephen Curry,Floater,Poor,Mid-Left Short Paint,0.5460163126119812,0.3376640057379916,0.11631968165002715
270,Stephen Curry,Floater,Poor,Mid-Right Above Break 3,0.6612935257723306,0.16935083071062818,0.1693556435170412
271,Stephen Curry,Floater,Poor,Mid-Left Above Break 3,0.6505320555549116,0.1576053904327701,0.19186255401231828
272,Stephen Curry,Floater,Poor,Right Midrange,0.46736215765235445,0.4289690343729431,0.10366880797470246
273,Stephen Curry,Floater,Poor,Left Midrange,0.5391606904897639,0.3504281941719387,0.11041111533829753
274,Stephen Curry,Floater,Poor,Left Above Break 3,0.6065364347935984,0.20249643270408574,0.19096713250231592
275,Stephen Curry,Floater,Poor,Mid-Left Midrange,0.39050203505449443,0.513439996791061,0.09605796815444453
276,Stephen Curry,Floater,Poor,Right Corner 3,0.6123004766279049,0.21059861564011279,0.17710090773198223
277,Stephen Curry,Floater,Poor,Right Short Mid,0.4556368844262222,0.44349861919245115,0.10086449638132666
278,Stephen Curry,Floater,Poor,Left Short Mid,0.44433873253423045,0.44828827140695093,0.10737299605881859
279,Stephen Curry,Floater,Poor,Mid-Right Midrange,0.4970788556715907,0.40184074566141154,0.10108039866699788
280,Stephen Curry,Layup,Open,Left Corner 3,0.4610153569342243,0.35025664623139474,0.18872799683438102
281,Stephen Curry,Layup,Open,Rim,0.22161178069920434,0.7028892055642354,0.07549901373656012
282,Stephen Curry,Layup,Open,Right Above Break 3,0.4991230125784522,0.3417331943716416,0.15914379304990608
283,Stephen Curry,Layup,Open,Mid-Left Short Paint,0.3722351535654794,0.5118332770207477,0.11593156941377299
284,Stephen Curry,Layup,Open,Mid-Right Above Break 3,0.4983485999631907,0.31750053699907616,0.1841508630377331
285,Stephen Curry,Layup,Open,Mid-Left Above Break 3,0.491622323056249,0.2969023637574356,0.2114753131863154
286,Stephen Curry,Layup,Open,Right Midrange,0.30629117158896246,0.5916886717505319,0.1020201566605056
287,Stephen Curry,Layup,Open,Left Midrange,0.367369810638713,0.5222562253769372,0.11037396398434988
288,Stephen Curry,Layup,Open,Left Above Break 3,0.4387515919293025,0.3591501477835447,0.20209826028715278
289,Stephen Curry,Layup,Open,Mid-Left Midrange,0.24795141283424785,0.6598428586830705,0.09220572848268165
290,Stephen Curry,Layup,Open,Right Corner 3,0.4421419997300074,0.3712161506858904,0.18664184958410207
291,Stephen Curry,Layup,Open,Right Short Mid,0.2950678894259763,0.6070276344417633,0.09790447613226042
292,Stephen Curry,Layup,Open,Left Short Mid,0.28857646422863314,0.606434281251444,0.10498925451992272
293,Stephen Curry,Layup,Open,Mid-Right Midrange,0.3299748492039435,0.5702237677137283,0.09980138308232829
294,Stephen Curry,Layup,Average,Left Corner 3,0.5573494240155499,0.22300226030402687,0.2196483156804232
295,Stephen Curry,Layup,Average,Rim,0.3030151075413049,0.6065955428633482,0.09038934959534702
296,Stephen Curry,Layup,Average,Right Above Break 3,0.6004437843664047,0.21631689397735226,0.18323932165624313
297,Stephen Curry,Layup,Average,Mid-Left Short Paint,0.47775159641132203,0.3810208020295057,0.14122760155917216
298,Stephen Curry,Layup,Average,Mid-Right Above Break 3,0.5922513587798593,0.19746945831636656,0.21027918290377406
299,Stephen Curry,Layup,Average,Mid-Left Above Break 3,0.5779675180362358,0.18201475636874406,0.24001772559502005
300,Stephen Curry,Layup,Average,Right Midrange,0.39871928558543435,0.4767246591938202,0.1245560552207456
301,Stephen Curry,Layup,Average,Left Midrange,0.47113520246808677,0.3950398731340541,0.1338249243978591
302,Stephen Curry,Layup,Average,Left Above Break 3,0.5328411588951665,0.23003728111428295,0.2371215599905505
303,Stephen Curry,Layup,Average,Mid-Left Midrange,0.3257980964574804,0.5611549119123587,0.11304699163016096
304,Stephen Curry,Layup,Average,Right Corner 3,0.5401087652364359,0.24006304573492207,0.21982818902864207
305,Stephen Curry,Layup,Average,Right Short Mid,0.3878172107751994,0.49214951524817846,0.1200332739766222
306,Stephen Curry,Layup,Average,Left Short Mid,0.37594256122037734,0.4949051110922202,0.12915232768740248
307,Stephen Curry,Layup,Average,Mid-Right Midrange,0.4287738461668318,0.4500992417801307,0.12112691205303738
308,Stephen Curry,Layup,Plus,Left Corner 3,0.5634115547778614,0.23527273416792832,0.2013157110542103
309,Stephen Curry,Layup,Plus,Rim,0.2977763848272061,0.6174298396597442,0.08479377551304965
310,Stephen Curry,Layup,Plus,Right Above Break 3,0.604176081660504,0.22642396242028012,0.1693999559192159
311,Stephen Curry,Layup,Plus,Mid-Left Short Paint,0.47714745973773776,0.39353659363141513,0.12931594663084706
312,Stephen Curry,Layup,Plus,Mid-Right Above Break 3,0.5984455214957118,0.20812925864863105,0.1934252198556571
313,Stephen Curry,Layup,Plus,Mid-Left Above Break 3,0.5868007659216143,0.19321019246390186,0.21998904161448393
314,Stephen Curry,Layup,Plus,Right Midrange,0.3966377492630553,0.49026007141213723,0.11310217932480757
315,Stephen Curry,Layup,Plus,Left Midrange,0.47010578433419087,0.40734145043935827,0.12255276522645091
316,Stephen Curry,Layup,Plus,Left Above Break 3,0.539907783851689,0.24344988330810047,0.21664233284021045
317,Stephen Curry,Layup,Plus,Mid-Left Midrange,0.32265013750288707,0.575085004026936,0.10226485847017683
318,Stephen Curry,Layup,Plus,Right Corner 3,0.5461004256956362,0.2529038870356305,0.20099568726873335
319,Stephen Curry,Layup,Plus,Right Short Mid,0.38505760779940834,0.5055870248219894,0.10935536737860214
320,Stephen Curry,Layup,Plus,Left Short Mid,0.37414471048903414,0.5092190333801907,0.11663625613077508
321,Stephen Curry,Layup,Plus,Mid-Right Midrange,0.4264216038986435,0.46279519129081026,0.11078320481054638
322,Stephen Curry,Layup,Poor,Left Corner 3,0.4080149325963812,0.4213952041972143,0.1705898632064044
323,Stephen Curry,Layup,Poor,Rim,0.20045823842049168,0.7291222153470404,0.07041954623246789
324,Stephen Curry,Layup,Poor,Right Above Break 3,0.4446400263074303,0.41231009067774416,0.1430498830148254
325,Stephen Curry,Layup,Poor,Mid-Left Short Paint,0.33376419664671464,0.5602021709708117,0.10603363238247365
326,Stephen Curry,Layup,Poor,Mid-Right Above Break 3,0.4445839289476319,0.3883287837566133,0.16708728729575492
327,Stephen Curry,Layup,Poor,Mid-Left Above Break 3,0.4394649795943845,0.36680063205673236,0.19373438834888312
328,Stephen Curry,Layup,Poor,Right Midrange,0.27827090121028775,0.6263765425586192,0.09535255623109322
329,Stephen Curry,Layup,Poor,Left Midrange,0.33096195929838684,0.5674068339274191,0.1016312067741941
330,Stephen Curry,Layup,Poor,Left Above Break 3,0.3870787624557975,0.4298613447596128,0.18305989278458962
331,Stephen Curry,Layup,Poor,Mid-Left Midrange,0.22758971496224284,0.6853891039500102,0.08702118108774701
332,Stephen Curry,Layup,Poor,Right Corner 3,0.39046864618811866,0.44086726230915146,0.16866409150272993
333,Stephen Curry,Layup,Poor,Right Short Mid,0.26735728663669106,0.641448717882586,0.09119399548072296
334,Stephen Curry,Layup,Poor,Left Short Mid,0.26291001125258073,0.6387643805001385,0.09832560824728069
335,Stephen Curry,Layup,Poor,Mid-Right Midrange,0.29855911620395564,0.6086847262609658,0.0927561575350786
336,Stephen Curry,3+D Pull-Up,Open,Left Corner 3,0.58859717423674,0.1346940185395589,0.27670880722370106
337,Stephen Curry,3+D Pull-Up,Open,Rim,0.3806097120210964,0.49708003123707456,0.12231025674182902
338,Stephen Curry,3+D Pull-Up,Open,Right Above Break 3,0.6395496594553103,0.13224513310381394,0.22820520744087586
339,Stephen Curry,3+D Pull-Up,Open,Mid-Left Short Paint,0.5444497065011241,0.26586071239257,0.18968958110630596
340,Stephen Curry,3+D Pull-Up,Open,Mid-Right Above Break 3,0.620479269072179,0.11830020029808339,0.2612205306297376
341,Stephen Curry,3+D Pull-Up,Open,Mid-Left Above Break 3,0.5961967714042381,0.10675775809902191,0.29704547049674
342,Stephen Curry,3+D Pull-Up,Open,Right Midrange,0.46371358758969866,0.36430979972447963,0.1719766126858217
343,Stephen Curry,3+D Pull-Up,Open,Left Midrange,0.5384387722703845,0.2814565777686326,0.1801046499609828
344,Stephen Curry,3+D Pull-Up,Open,Left Above Break 3,0.5615502375362155,0.1381875405653676,0.30026222189841684
345,Stephen Curry,3+D Pull-Up,Open,Mid-Left Midrange,0.3854583336690269,0.4555563852086051,0.15898528112236798
346,Stephen Curry,3+D Pull-Up,Open,Right Corner 3,0.5742489344030316,0.14598756016029357,0.2797635054366749
347,Stephen Curry,3+D Pull-Up,Open,Right Short Mid,0.4566212613753316,0.37713801312652384,0.1662407254981446
348,Stephen Curry,3+D Pull-Up,Open,Left Short Mid,0.43695630294489857,0.3828884742460187,0.18015522280908264
349,Stephen Curry,3+D Pull-Up,Open,Mid-Right Midrange,0.4984428886043387,0.3364668809749743,0.16509023042068702
350,Stephen Curry,3+D Pull-Up,Average,Left Corner 3,0.6344819531577423,0.0748696309995345,0.2906484158427232
351,Stephen Curry,3+D Pull-Up,Average,Rim,0.49025752867165995,0.36012760240565295,0.14961486892268713
352,Stephen Curry,3+D Pull-Up,Average,Right Above Break 3,0.6885663218135976,0.07310150921815899,0.23833216896824344
353,Stephen Curry,3+D Pull-Up,Average,Mid-Left Short Paint,0.6267155216111131,0.16116546662102396,0.2121190117678628
354,Stephen Curry,3+D Pull-Up,Average,Mid-Right Above Break 3,0.663200577261758,0.0651472568129399,0.2716521659253021
355,Stephen Curry,3+D Pull-Up,Average,Mid-Left Above Break 3,0.6335959945865379,0.05844799883468797,0.3079560065787741
356,Stephen Curry,3+D Pull-Up,Average,Right Midrange,0.5531421970215848,0.24733331727799146,0.19952448570042375
357,Stephen Curry,3+D Pull-Up,Average,Left Midrange,0.6231732084134751,0.174157902936243,0.2026688886502818
358,Stephen Curry,3+D Pull-Up,Average,Left Above Break 3,0.606614014318032,0.07682007447462909,0.31656591120733885
359,Stephen Curry,3+D Pull-Up,Average,Mid-Left Midrange,0.4712130394865495,0.3393670824025269,0.18941987811092353
360,Stephen Curry,3+D Pull-Up,Average,Right Corner 3,0.6230263221873384,0.08123529955964569,0.2957383782530158
361,Stephen Curry,3+D Pull-Up,Average,Right Short Mid,0.5499135471712389,0.25558796596551087,0.19449848686325022
362,Stephen Curry,3+D Pull-Up,Average,Left Short Mid,0.523798938925355,0.2659930960164584,0.21020796505818667
363,Stephen Curry,3+D Pull-Up,Average,Mid-Right Midrange,0.5896813801441102,0.22043378247018341,0.18988483738570644
364,Stephen Curry,3+D Pull-Up,Plus,Left Corner 3,0.6521668134753777,0.08109555965429541,0.26673762687032687
365,Stephen Curry,3+D Pull-Up,Plus,Rim,0.489738962501583,0.37277018310651117,0.13749085439190584
366,Stephen Curry,3+D Pull-Up,Plus,Right Above Break 3,0.7027217988669031,0.07812657432778888,0.21915162680530792
367,Stephen Curry,3+D Pull-Up,Plus,Mid-Left Short Paint,0.6368347428385268,0.16913891626561195,0.19402634089586127
368,Stephen Curry,3+D Pull-Up,Plus,Mid-Right Above Break 3,0.6802778677741291,0.07030965820286168,0.24941247402300917
369,Stephen Curry,3+D Pull-Up,Plus,Mid-Left Above Break 3,0.6533309850600688,0.06367553792072168,0.2829934770192094
370,Stephen Curry,3+D Pull-Up,Plus,Right Midrange,0.561385054210129,0.2577521005299879,0.18086284525988308
371,Stephen Curry,3+D Pull-Up,Plus,Left Midrange,0.6325497124128727,0.1821119936738031,0.18533829391332418
372,Stephen Curry,3+D Pull-Up,Plus,Left Above Break 3,0.62556960022365,0.08363592612025159,0.29079447365609834
373,Stephen Curry,3+D Pull-Up,Plus,Mid-Left Midrange,0.4771945428119553,0.35277341168783405,0.17003204550021067
374,Stephen Curry,3+D Pull-Up,Plus,Right Corner 3,0.6408432197498979,0.08784472918169957,0.2713120510684025
375,Stephen Curry,3+D Pull-Up,Plus,Right Short Mid,0.5569878726756275,0.2665226822224838,0.1764894451018887
376,Stephen Curry,3+D Pull-Up,Plus,Left Short Mid,0.5326642116722373,0.2774712293192629,0.18986455900849983
377,Stephen Curry,3+D Pull-Up,Plus,Mid-Right Midrange,0.5972478777170077,0.22967924582616123,0.1730728764568311
378,Stephen Curry,3+D Pull-Up,Poor,Left Corner 3,0.5523133352788359,0.1795879072190345,0.2680987575021295
379,Stephen Curry,3+D Pull-Up,Poor,Rim,0.3377808268553878,0.5519800768480467,0.11023909629656552
380,Stephen Curry,3+D Pull-Up,Poor,Right Above Break 3,0.60177285055345,0.17809790357550023,0.2201292458710497
381,Stephen Curry,3+D Pull-Up,Poor,Mid-Left Short Paint,0.494161688386977,0.32955178014499553,0.17628653146802736
382,Stephen Curry,3+D Pull-Up,Poor,Mid-Right Above Break 3,0.5865947811191584,0.1590880807458845,0.254317138134957
383,Stephen Curry,3+D Pull-Up,Poor,Mid-Left Above Break 3,0.565161981519845,0.14392804105822227,0.29090997742193275
384,Stephen Curry,3+D Pull-Up,Poor,Right Midrange,0.42157315022798186,0.4176081510997209,0.1608186986722974
385,Stephen Curry,3+D Pull-Up,Poor,Left Midrange,0.4893024134401018,0.34341654803520927,0.16728103852468884
386,Stephen Curry,3+D Pull-Up,Poor,Left Above Break 3,0.5249611144934808,0.18426230721848674,0.2907765782880324
387,Stephen Curry,3+D Pull-Up,Poor,Mid-Left Midrange,0.3526512435954302,0.4975396571117098,0.1498090992928601
388,Stephen Curry,3+D Pull-Up,Poor,Right Corner 3,0.5351295520112069,0.1950822479238949,0.2697882000648982
389,Stephen Curry,3+D Pull-Up,Poor,Right Short Mid,0.41306045965913823,0.4324991805788079,0.1544403597620537
390,Stephen Curry,3+D Pull-Up,Poor,Left Short Mid,0.3977040329840681,0.4330885086317731,0.1692074583841588
391,Stephen Curry,3+D Pull-Up,Poor,Mid-Right Midrange,0.45240774581300175,0.394300093382051,0.15329216080494726
392,Stephen Curry,PU Fade,Open,Left Corner 3,0.5316570503922724,0.23282992213624648,0.23551302747148112
393,Stephen Curry,PU Fade,Open,Rim,0.29077873570039015,0.6159772968489013,0.09324396745070847
394,Stephen Curry,PU Fade,Open,Right Above Break 3,0.5763872908595629,0.2284211790163681,0.19519153012406906
395,Stephen Curry,PU Fade,Open,Mid-Left Short Paint,0.45587759952327583,0.39387850975693456,0.15024389071978958
396,Stephen Curry,PU Fade,Open,Mid-Right Above Break 3,0.567085974684826,0.20743238940236886,0.22548163591280507
397,Stephen Curry,PU Fade,Open,Mid-Left Above Break 3,0.5515034119097711,0.19005599111189633,0.2584405969783326
398,Stephen Curry,PU Fade,Open,Right Midrange,0.381082783108919,0.4852763198789768,0.1336408970121042
399,Stephen Curry,PU Fade,Open,Left Midrange,0.4501203873952749,0.4074032257970237,0.14247638680770153
400,Stephen Curry,PU Fade,Open,Left Above Break 3,0.50645620290207,0.23896246858748432,0.25458132851044574
401,Stephen Curry,PU Fade,Open,Mid-Left Midrange,0.31247389560052,0.5659491728972743,0.12157693150220558
402,Stephen Curry,PU Fade,Open,Right Corner 3,0.5139066995790758,0.25030438070122074,0.23578891971970334
403,Stephen Curry,PU Fade,Open,Right Short Mid,0.370701651567126,0.501180858021568,0.12811749041130607
404,Stephen Curry,PU Fade,Open,Left Short Mid,0.3590651435429146,0.5017365802219158,0.13919827623516962
405,Stephen Curry,PU Fade,Open,Mid-Right Midrange,0.41010762946644297,0.46083890586384896,0.1290534646697081
406,Stephen Curry,PU Fade,Average,Left Corner 3,0.6033503515505332,0.13690348164668728,0.25974616680277945
407,Stephen Curry,PU Fade,Average,Rim,0.38915335096668313,0.4957465129104266,0.11510013612289031
408,Stephen Curry,PU Fade,Average,Right Above Break 3,0.6525331523736522,0.13369071467696356,0.2137761329493843
409,Stephen Curry,PU Fade,Average,Mid-Left Short Paint,0.5550466048593801,0.267803310316853,0.17715008482376698
410,Stephen Curry,PU Fade,Average,Mid-Right Above Break 3,0.6350441101574877,0.11996180493413862,0.24499408490837374
411,Stephen Curry,PU Fade,Average,Mid-Left Above Break 3,0.6120975966518143,0.1087335564580586,0.27916884689012705
412,Stephen Curry,PU Fade,Average,Right Midrange,0.47452392110250063,0.3646831221357457,0.16079295676175367
413,Stephen Curry,PU Fade,Average,Left Midrange,0.5488681256370552,0.28298266845482906,0.16814920590811575
414,Stephen Curry,PU Fade,Average,Left Above Break 3,0.5767595905501073,0.1409353196897096,0.2823050897601832
415,Stephen Curry,PU Fade,Average,Mid-Left Midrange,0.3963386493669313,0.45448473571268816,0.14917661492038045
416,Stephen Curry,PU Fade,Average,Right Corner 3,0.5888007100236873,0.14860303343703557,0.2625962565392771
417,Stephen Curry,PU Fade,Average,Right Short Mid,0.46696138469818627,0.37753656581824935,0.15550204948356444
418,Stephen Curry,PU Fade,Average,Left Short Mid,0.448139767515233,0.3832859934855907,0.1685742389991762
419,Stephen Curry,PU Fade,Average,Mid-Right Midrange,0.508683639040148,0.33705400629980975,0.1542623546600422
420,Stephen Curry,PU Fade,Plus,Left Corner 3,0.6159828150109162,0.14636981888428593,0.23764736610479784
421,Stephen Curry,PU Fade,Plus,Rim,0.3853359425039993,0.5085729099779251,0.10609114751807565
422,Stephen Curry,PU Fade,Plus,Right Above Break 3,0.662115087435206,0.1413821388235757,0.19650277374121844
423,Stephen Curry,PU Fade,Plus,Mid-Left Short Paint,0.5598519028055249,0.278749784720015,0.16139831247446018
424,Stephen Curry,PU Fade,Plus,Mid-Right Above Break 3,0.6474737473338766,0.12795652042195257,0.22456973224417073
425,Stephen Curry,PU Fade,Plus,Mid-Left Above Break 3,0.6273189541520221,0.11695860229836544,0.2557224435496125
426,Stephen Curry,PU Fade,Plus,Right Midrange,0.4772639796571159,0.3777364050228946,0.1449996153199895
427,Stephen Curry,PU Fade,Plus,Left Midrange,0.5530532144763647,0.29380854057961,0.15313824494402523
428,Stephen Curry,PU Fade,Plus,Left Above Break 3,0.590580207911297,0.15130304504964404,0.25811674703905907
429,Stephen Curry,PU Fade,Plus,Mid-Left Midrange,0.39697209990692855,0.46957784385284224,0.1334500562402292
430,Stephen Curry,PU Fade,Plus,Right Corner 3,0.6014436777901112,0.15859987948812485,0.2399564427217639
431,Stephen Curry,PU Fade,Plus,Right Short Mid,0.4686283443844867,0.3908892050188567,0.1404824505966566
432,Stephen Curry,PU Fade,Plus,Left Short Mid,0.45126830739484197,0.3974084139521882,0.15132327865296985
433,Stephen Curry,PU Fade,Plus,Mid-Right Midrange,0.5110326628087523,0.3489376791869263,0.14002965800432146
434,Stephen Curry,PU Fade,Poor,Left Corner 3,0.4827148336940345,0.2966820365880959,0.2206031297178696
435,Stephen Curry,PU Fade,Poor,Rim,0.2604639345849865,0.6540209183378966,0.08551514707711699
436,Stephen Curry,PU Fade,Poor,Right Above Break 3,0.5257949800417784,0.29250633009024907,0.1816986898679726
437,Stephen Curry,PU Fade,Poor,Mid-Left Short Paint,0.41066608987931136,0.4510296538125254,0.13830425630816326
438,Stephen Curry,PU Fade,Poor,Mid-Right Above Break 3,0.5194883789983777,0.26822316361529086,0.2122884573863315
439,Stephen Curry,PU Fade,Poor,Mid-Left Above Break 3,0.5067529727963522,0.2477569030885809,0.24549012411506696
440,Stephen Curry,PU Fade,Poor,Right Midrange,0.3469444810418022,0.5280727059556767,0.12498281300252116
441,Stephen Curry,PU Fade,Poor,Left Midrange,0.40726223449629506,0.46103008022020725,0.1317076852834976
442,Stephen Curry,PU Fade,Poor,Left Above Break 3,0.4579515621912269,0.30340269776075185,0.2386457400480213
443,Stephen Curry,PU Fade,Poor,Mid-Left Midrange,0.28648014616846285,0.5991179894457349,0.11440186438580217
444,Stephen Curry,PU Fade,Poor,Right Corner 3,0.46390666898959115,0.316010125651222,0.22008320535918685
445,Stephen Curry,PU Fade,Poor,Right Short Mid,0.3359925941155194,0.5448559439839862,0.1191514619004946
446,Stephen Curry,PU Fade,Poor,Left Short Mid,0.32758744984944826,0.5418781377768527,0.13053441237369906
447,Stephen Curry,PU Fade,Poor,Mid-Right Midrange,0.37208679008113477,0.5079778889589717,0.11993532095989352
448,Stephen Curry,Leaner,Open,Left Corner 3,0.6461383531462005,0.11613634517509466,0.23772530167870487
449,Stephen Curry,Leaner,Open,Rim,0.4319977750613897,0.4498276064328713,0.11817461850573896
450,Stephen Curry,Leaner,Open,Right Above Break 3,0.6918965482844637,0.11022574157351914,0.19787771014201735
451,Stephen Curry,Leaner,Open,Mid-Left Short Paint,0.6081043090138056,0.22167025351826508,0.17022543746792923
452,Stephen Curry,Leaner,Open,Mid-Right Above Break 3,0.6751778834371616,0.10086866884221168,0.22395344772062664
453,Stephen Curry,Leaner,Open,Mid-Left Above Break 3,0.6538738795669655,0.09267982931737588,0.2534462911156586
454,Stephen Curry,Leaner,Open,Right Midrange,0.524413133907153,0.32200844044315097,0.15357842564969607
455,Stephen Curry,Leaner,Open,Left Midrange,0.6019247032489987,0.2357202768424765,0.16235501990852477
456,Stephen Curry,Leaner,Open,Left Above Break 3,0.6216446423759583,0.12023091458755782,0.2581244430364839
457,Stephen Curry,Leaner,Open,Mid-Left Midrange,0.4350378250166768,0.4254561072274149,0.13950606775590835
458,Stephen Curry,Leaner,Open,Right Corner 3,0.6341918755109917,0.1248689397084866,0.2409391847805217
459,Stephen Curry,Leaner,Open,Right Short Mid,0.5167460292775983,0.3334296484562525,0.1498243222661493
460,Stephen Curry,Leaner,Open,Left Short Mid,0.49651225992172676,0.3442968371246259,0.1591909029536473
461,Stephen Curry,Leaner,Open,Mid-Right Midrange,0.5600944723674082,0.29043754973002095,0.149467977902571
462,Stephen Curry,Leaner,Average,Left Corner 3,0.6893381827749394,0.06513685880230476,0.24552495842275585
463,Stephen Curry,Leaner,Average,Rim,0.5495815006569164,0.30946206670484605,0.14095643263823754
464,Stephen Curry,Leaner,Average,Right Above Break 3,0.7361962300223469,0.06124140690932918,0.20256236306832384
465,Stephen Curry,Leaner,Average,Mid-Left Short Paint,0.6858496631388188,0.12888674568965233,0.1852635911715288
466,Stephen Curry,Leaner,Average,Mid-Right Above Break 3,0.7148456647487,0.05605694478051297,0.22909739047078698
467,Stephen Curry,Leaner,Average,Mid-Left Above Break 3,0.6893701554913749,0.05135131246015399,0.2592785320484712
468,Stephen Curry,Leaner,Average,Right Midrange,0.6194507263892924,0.20472430456755863,0.175824969043149
469,Stephen Curry,Leaner,Average,Left Midrange,0.6833481810736187,0.13849798003019212,0.17815383889618921
470,Stephen Curry,Leaner,Average,Left Above Break 3,0.6645384978837313,0.06750682755658408,0.2679546745596846
471,Stephen Curry,Leaner,Average,Mid-Left Midrange,0.5339102745311888,0.30055682147712653,0.16553290399168472
472,Stephen Curry,Leaner,Average,Right Corner 3,0.6797973996498536,0.06994999151122268,0.2502526088389238
473,Stephen Curry,Leaner,Average,Right Short Mid,0.6152010529896896,0.21244064869910945,0.17235829831120092
474,Stephen Curry,Leaner,Average,Left Short Mid,0.5918478249699757,0.22410800537641867,0.1840441696536057
475,Stephen Curry,Leaner,Average,Mid-Right Midrange,0.6527045292963003,0.17877577640266634,0.16851969430103333
476,Stephen Curry,Leaner,Plus,Left Corner 3,0.7036817625430823,0.07020491783977457,0.22611331961714312
477,Stephen Curry,Leaner,Plus,Rim,0.547610201369784,0.3202561494017518,0.13213364922846416
478,Stephen Curry,Leaner,Plus,Right Above Break 3,0.7468029673101465,0.0652499996694828,0.1879470330203707
479,Stephen Curry,Leaner,Plus,Mid-Left Short Paint,0.6930507575897094,0.13530568649692504,0.17164355591336553
480,Stephen Curry,Leaner,Plus,Mid-Right Above Break 3,0.728312926766936,0.06021453786837899,0.21147253536468497
481,Stephen Curry,Leaner,Plus,Mid-Left Above Break 3,0.7057573979869594,0.055628196665055016,0.23861440534798586
482,Stephen Curry,Leaner,Plus,Right Midrange,0.6250666031789128,0.21330248338520647,0.16163091343588065
483,Stephen Curry,Leaner,Plus,Left Midrange,0.6898754329657898,0.14491218629302466,0.16521238074118555
484,Stephen Curry,Leaner,Plus,Left Above Break 3,0.6805112678256272,0.07313360190524525,0.24635513026912753
485,Stephen Curry,Leaner,Plus,Mid-Left Midrange,0.5376122341074404,0.3118452126173653,0.15054255327519442
486,Stephen Curry,Leaner,Plus,Right Corner 3,0.6943838359818736,0.07534461323485049,0.230271550783276
487,Stephen Curry,Leaner,Plus,Right Short Mid,0.6198098172750512,0.2214590514825127,0.158731131242436
488,Stephen Curry,Leaner,Plus,Left Short Mid,0.5981001150420718,0.23362208101171117,0.16827780394621697
489,Stephen Curry,Leaner,Plus,Mid-Right Midrange,0.6576811025090794,0.1863275044839328,0.1559913930069879
490,Stephen Curry,Leaner,Poor,Left Corner 3,0.6164675291988917,0.1511496442409082,0.2323828265602
491,Stephen Curry,Leaner,Poor,Rim,0.3801361122987842,0.5160257402387715,0.1038381474624444
492,Stephen Curry,Leaner,Poor,Right Above Break 3,0.6616572872947496,0.14564241077967052,0.19270030192558002
493,Stephen Curry,Leaner,Poor,Mid-Left Short Paint,0.557053658323764,0.2856553075442664,0.15729103413196968
494,Stephen Curry,Leaner,Poor,Mid-Right Above Break 3,0.6480500388534527,0.13206004515302486,0.21988991599352242
495,Stephen Curry,Leaner,Poor,Mid-Left Above Break 3,0.6288747032764179,0.12100364241684958,0.25012165430673255
496,Stephen Curry,Leaner,Poor,Right Midrange,0.4741550315085107,0.38517987801839937,0.14066509047308984
497,Stephen Curry,Leaner,Poor,Left Midrange,0.5500777008223114,0.3007385863683636,0.1491837128093249
498,Stephen Curry,Leaner,Poor,Left Above Break 3,0.5913802889292519,0.15647847063617687,0.25214124043457126
499,Stephen Curry,Leaner,Poor,Mid-Left Midrange,0.39374749784970203,0.47711602717219836,0.1291364749780996
500,Stephen Curry,Leaner,Poor,Right Corner 3,0.6017676926390717,0.16382926462159914,0.23440304273932916
501,Stephen Curry,Leaner,Poor,Right Short Mid,0.46514594142495935,0.3984585871355332,0.13639547143950728
502,Stephen Curry,Leaner,Poor,Left Short Mid,0.44839863380324924,0.40507489713614075,0.14652646906061
503,Stephen Curry,Leaner,Poor,Mid-Right Midrange,0.507650881376891,0.3561413043262101,0.13620781429689902
504,Stephen Curry,Face-Up,Open,Left Corner 3,0.6341790122147334,0.12103598351432521,0.2447850042709415
505,Stephen Curry,Face-Up,Open,Rim,0.41885031165348163,0.4627682707138801,0.11838141763263832
506,Stephen Curry,Face-Up,Open,Right Above Break 3,0.6810600782132721,0.11559808512215228,0.20334183666457556
507,Stephen Curry,Face-Up,Open,Mid-Left Short Paint,0.5943927202555912,0.2320825674829558,0.173524712261453
508,Stephen Curry,Face-Up,Open,Mid-Right Above Break 3,0.6638977830202233,0.10539446274395856,0.23070775423581819
509,Stephen Curry,Face-Up,Open,Mid-Left Above Break 3,0.6420344790739063,0.09652308186277274,0.2614424390633209
510,Stephen Curry,Face-Up,Open,Right Midrange,0.5102675753678649,0.3333990826759326,0.15633334195620252
511,Stephen Curry,Face-Up,Open,Left Midrange,0.5880929458208307,0.2466075926058869,0.1652994615732824
512,Stephen Curry,Face-Up,Open,Left Above Break 3,0.6091674230472648,0.1250343413393643,0.26579823561337096
513,Stephen Curry,Face-Up,Open,Mid-Left Midrange,0.42242747092979727,0.4353500418084937,0.14222248726170902
514,Stephen Curry,Face-Up,Open,Right Corner 3,0.6217917223368803,0.1302289425039149,0.24797933515920478
515,Stephen Curry,Face-Up,Open,Right Short Mid,0.5026113594901852,0.3451684107218287,0.15222022978798616
516,Stephen Curry,Face-Up,Open,Left Short Mid,0.4824535690220661,0.355238378717624,0.16230805226030995
517,Stephen Curry,Face-Up,Open,Mid-Right Midrange,0.5460178270901624,0.3021212956836322,0.15186087722620534
518,Stephen Curry,Face-Up,Average,Left Corner 3,0.6782638006085164,0.0679071133759306,0.2538290860155529
519,Stephen Curry,Face-Up,Average,Rim,0.535762697133306,0.32202043701203764,0.14221686585465632
520,Stephen Curry,Face-Up,Average,Right Above Break 3,0.726672151804711,0.06427708913611156,0.20905075905917747
521,Stephen Curry,Face-Up,Average,Mid-Left Short Paint,0.6739402606648004,0.1359457522342483,0.19011398710095134
522,Stephen Curry,Face-Up,Average,Mid-Right Above Break 3,0.7045203488905506,0.05858638555971487,0.2368932655497345
523,Stephen Curry,Face-Up,Average,Mid-Left Above Break 3,0.6782057584799706,0.053467370098056646,0.26832687142197287
524,Stephen Curry,Face-Up,Average,Right Midrange,0.6054960023889892,0.21461641280968874,0.1798875848013221
525,Stephen Curry,Face-Up,Average,Left Midrange,0.6712178140501671,0.1462142178001431,0.18256796814968967
526,Stephen Curry,Face-Up,Average,Left Above Break 3,0.6528031404129818,0.0702108403573605,0.2769860192296577
527,Stephen Curry,Face-Up,Average,Mid-Left Midrange,0.5196186263469306,0.3110981488968834,0.16928322475618596
528,Stephen Curry,Face-Up,Average,Right Corner 3,0.6683630985393398,0.07298843524786705,0.2586484662127933
529,Stephen Curry,Face-Up,Average,Right Short Mid,0.6013210662556727,0.2225516297038986,0.17612730404042867
530,Stephen Curry,Face-Up,Average,Left Short Mid,0.5773615357966404,0.2341657342472953,0.18847272995606437
531,Stephen Curry,Face-Up,Average,Mid-Right Midrange,0.6396298205561155,0.18811160199207835,0.17225857745180598
532,Stephen Curry,Face-Up,Plus,Left Corner 3,0.6932000052049172,0.07328923701959103,0.2335107577754918
533,Stephen Curry,Face-Up,Plus,Rim,0.5339314360366062,0.33321900363282725,0.1328495603305665
534,Stephen Curry,Face-Up,Plus,Right Above Break 3,0.7378796807900263,0.0685466289044496,0.19357369030552402
535,Stephen Curry,Face-Up,Plus,Mid-Left Short Paint,0.681575701580386,0.14274859986387914,0.17567569855573498
536,Stephen Curry,Face-Up,Plus,Mid-Right Above Break 3,0.7186287451307897,0.06301152766652414,0.21835972720268626
537,Stephen Curry,Face-Up,Plus,Mid-Left Above Break 3,0.6952216383662598,0.05801080115082154,0.24676756048291848
538,Stephen Curry,Face-Up,Plus,Right Midrange,0.6114657277928972,0.22365088008396813,0.16488339212313463
539,Stephen Curry,Face-Up,Plus,Left Midrange,0.6781623813868268,0.15300836717341446,0.16882925143975863
540,Stephen Curry,Face-Up,Plus,Left Above Break 3,0.6693174059266297,0.07617242768307307,0.2545101663902973
541,Stephen Curry,Face-Up,Plus,Mid-Left Midrange,0.5235944447772937,0.32289445185239607,0.1535111033703103
542,Stephen Curry,Face-Up,Plus,Right Corner 3,0.6835218624756073,0.07871347824295086,0.23776465928144197
543,Stephen Curry,Face-Up,Plus,Right Short Mid,0.6062473764098086,0.23203756239365503,0.16171506119653636
544,Stephen Curry,Face-Up,Plus,Left Short Mid,0.5839628090107241,0.24417015575279474,0.17186703523648125
545,Stephen Curry,Face-Up,Plus,Mid-Right Midrange,0.6449579326586294,0.1960799174912283,0.1589621498501423
546,Stephen Curry,Face-Up,Poor,Left Corner 3,0.6032424847389724,0.15794487793116924,0.23881263732985833
547,Stephen Curry,Face-Up,Poor,Rim,0.36854643945117554,0.5270868485293526,0.10436671201947181
548,Stephen Curry,Face-Up,Poor,Right Above Break 3,0.6493417921542001,0.15303880698675223,0.19761940085904772
549,Stephen Curry,Face-Up,Poor,Mid-Left Short Paint,0.5428224991929934,0.2969191260442757,0.16025837476273092
550,Stephen Curry,Face-Up,Poor,Mid-Right Above Break 3,0.6354935021339462,0.13838788711222844,0.22611861075382533
551,Stephen Curry,Face-Up,Poor,Mid-Left Above Break 3,0.615927632020769,0.12647726654925334,0.2575951014299777
552,Stephen Curry,Face-Up,Poor,Right Midrange,0.4611315412619509,0.39527707907600806,0.14359137966204102
553,Stephen Curry,Face-Up,Poor,Left Midrange,0.5360806024120192,0.31197034602183094,0.15194905156615
554,Stephen Curry,Face-Up,Poor,Left Above Break 3,0.5776956833975536,0.16318262855109195,0.2591216880513544
555,Stephen Curry,Face-Up,Poor,Mid-Left Midrange,0.3827113146465363,0.4852433751556128,0.13204531019785085
556,Stephen Curry,Face-Up,Poor,Right Corner 3,0.5880370975930498,0.1712095090952616,0.2407533933116885
557,Stephen Curry,Face-Up,Poor,Right Short Mid,0.45211321849756725,0.408954309747677,0.13893247175475562
558,Stephen Curry,Face-Up,Poor,Left Short Mid,0.43570905587785214,0.4144561632045116,0.14983478091763613
559,Stephen Curry,Face-Up,Poor,Mid-Right Midrange,0.49422897342703526,0.3670956478186159,0.13867537875434877
